{"compressed_bytes":{"0":37973965,"1":58026435,"2":79642762,"3":58026435,"4":43225717,"5":38683795,"6":45876050,"7":59258431,"8":85253445,"9":46918154,"10":53111526,"11":81499238,"12":63225865},"iter":{"0":12,"1":12,"2":12,"3":12,"4":12,"5":12,"6":12,"7":12,"8":12,"9":12,"10":12,"11":12,"12":12},"label":{"0":"lzma","1":"blosc","2":"blosc_noshuffle","3":"blosc_shuffle","4":"blosc_bitshuffle","5":"blosc_zlib","6":"blosc_zlib_noshuffle","7":"blosc_lz4","8":"blosc_lz4_noshuffle","9":"blosc_lz4hc","10":"lz4_max","11":"lz4_min","12":"lz4_minhc"},"t_compress_ms":{"0":86289.7958755493,"1":338.2875919342,"2":416.5589809418,"3":332.2792053223,"4":268.5172557831,"5":32923.0895042419,"6":16255.1681995392,"7":243.1747913361,"8":328.3891677856,"9":4303.2953739166,"10":147530.0784111023,"11":465.5132293701,"12":3272.2442150116},"t_decompress_ms":{"0":3208.5347175598,"1":237.8675937653,"2":261.8718147278,"3":255.6533813477,"4":184.996843338,"5":317.4209594727,"6":294.7409152985,"7":188.5364055634,"8":342.413187027,"9":154.6673774719,"10":237.1113300323,"11":197.5862979889,"12":197.2024440765},"uncompressed_bytes":{"0":178218096,"1":178218096,"2":178218096,"3":178218096,"4":178218096,"5":178218096,"6":178218096,"7":178218096,"8":178218096,"9":178218096,"10":178218096,"11":178218096,"12":178218096}}