{"compressed_bytes":{"0":37973965,"1":58026435,"2":79642762,"3":58026435,"4":43225717,"5":38683795,"6":45876050,"7":59258431,"8":85253445,"9":46918154,"10":53111526,"11":81499238,"12":63225865},"iter":{"0":3,"1":3,"2":3,"3":3,"4":3,"5":3,"6":3,"7":3,"8":3,"9":3,"10":3,"11":3,"12":3},"label":{"0":"lzma","1":"blosc","2":"blosc_noshuffle","3":"blosc_shuffle","4":"blosc_bitshuffle","5":"blosc_zlib","6":"blosc_zlib_noshuffle","7":"blosc_lz4","8":"blosc_lz4_noshuffle","9":"blosc_lz4hc","10":"lz4_max","11":"lz4_min","12":"lz4_minhc"},"t_compress_ms":{"0":75420.3062057495,"1":343.5981273651,"2":458.5702419281,"3":348.7617969513,"4":252.1796226501,"5":32229.567527771,"6":15781.5339565277,"7":233.8902950287,"8":355.2565574646,"9":4125.6031990051,"10":136984.8408699036,"11":477.9295921326,"12":3143.5692310333},"t_decompress_ms":{"0":3122.0300197601,"1":252.409696579,"2":267.1892642975,"3":239.0832901001,"4":199.5804309845,"5":318.4566497803,"6":348.929643631,"7":199.2032527924,"8":200.1953125,"9":191.596031189,"10":146.8210220337,"11":219.361782074,"12":181.1382770538},"uncompressed_bytes":{"0":178218096,"1":178218096,"2":178218096,"3":178218096,"4":178218096,"5":178218096,"6":178218096,"7":178218096,"8":178218096,"9":178218096,"10":178218096,"11":178218096,"12":178218096}}