{"compressed_bytes":{"0":37973965,"1":58026435,"2":79642762,"3":58026435,"4":43225717,"5":38683795,"6":45876050,"7":59258431,"8":85253445,"9":46918154,"10":53111526,"11":81499238,"12":63225865},"iter":{"0":17,"1":17,"2":17,"3":17,"4":17,"5":17,"6":17,"7":17,"8":17,"9":17,"10":17,"11":17,"12":17},"label":{"0":"lzma","1":"blosc","2":"blosc_noshuffle","3":"blosc_shuffle","4":"blosc_bitshuffle","5":"blosc_zlib","6":"blosc_zlib_noshuffle","7":"blosc_lz4","8":"blosc_lz4_noshuffle","9":"blosc_lz4hc","10":"lz4_max","11":"lz4_min","12":"lz4_minhc"},"t_compress_ms":{"0":87895.366191864,"1":361.2997531891,"2":472.5131988525,"3":330.7604789734,"4":269.6423530579,"5":33138.3850574493,"6":16262.3789310455,"7":264.7631168365,"8":344.8524475098,"9":4272.1154689789,"10":155033.1134796143,"11":493.0503368378,"12":3350.5706787109},"t_decompress_ms":{"0":3471.1122512817,"1":251.7488002777,"2":430.1652908325,"3":248.7041950226,"4":193.9008235931,"5":338.2008075714,"6":278.0697345734,"7":187.7679824829,"8":192.1212673187,"9":147.0258235931,"10":191.3168430328,"11":203.9995193481,"12":208.6699008942},"uncompressed_bytes":{"0":178218096,"1":178218096,"2":178218096,"3":178218096,"4":178218096,"5":178218096,"6":178218096,"7":178218096,"8":178218096,"9":178218096,"10":178218096,"11":178218096,"12":178218096}}