{"compressed_bytes":{"0":37973965,"1":58026435,"2":79642762,"3":58026435,"4":43225717,"5":38683795,"6":45876050,"7":59258431,"8":85253445,"9":46918154,"10":53111526,"11":81499238,"12":63225865},"iter":{"0":15,"1":15,"2":15,"3":15,"4":15,"5":15,"6":15,"7":15,"8":15,"9":15,"10":15,"11":15,"12":15},"label":{"0":"lzma","1":"blosc","2":"blosc_noshuffle","3":"blosc_shuffle","4":"blosc_bitshuffle","5":"blosc_zlib","6":"blosc_zlib_noshuffle","7":"blosc_lz4","8":"blosc_lz4_noshuffle","9":"blosc_lz4hc","10":"lz4_max","11":"lz4_min","12":"lz4_minhc"},"t_compress_ms":{"0":85916.298866272,"1":374.9413490295,"2":490.7760620117,"3":368.5429096222,"4":246.5875148773,"5":32933.7906837463,"6":16128.1034946442,"7":227.0619869232,"8":328.1409740448,"9":4338.2475376129,"10":147116.1351203918,"11":474.3375778198,"12":3241.1866188049},"t_decompress_ms":{"0":3094.1100120544,"1":255.8126449585,"2":253.1218528748,"3":251.8198490143,"4":179.1870594025,"5":362.3631000519,"6":316.659450531,"7":189.2576217651,"8":188.4872913361,"9":170.1395511627,"10":181.8737983704,"11":190.3858184814,"12":322.4203586578},"uncompressed_bytes":{"0":178218096,"1":178218096,"2":178218096,"3":178218096,"4":178218096,"5":178218096,"6":178218096,"7":178218096,"8":178218096,"9":178218096,"10":178218096,"11":178218096,"12":178218096}}