{"compressed_bytes":{"0":37973965,"1":58026435,"2":79642762,"3":58026435,"4":43225717,"5":38683795,"6":45876050,"7":59258431,"8":85253445,"9":46918154,"10":53111526,"11":81499238,"12":63225865},"iter":{"0":5,"1":5,"2":5,"3":5,"4":5,"5":5,"6":5,"7":5,"8":5,"9":5,"10":5,"11":5,"12":5},"label":{"0":"lzma","1":"blosc","2":"blosc_noshuffle","3":"blosc_shuffle","4":"blosc_bitshuffle","5":"blosc_zlib","6":"blosc_zlib_noshuffle","7":"blosc_lz4","8":"blosc_lz4_noshuffle","9":"blosc_lz4hc","10":"lz4_max","11":"lz4_min","12":"lz4_minhc"},"t_compress_ms":{"0":76189.4609928131,"1":336.0185623169,"2":446.5095996857,"3":494.6763515472,"4":407.0155620575,"5":32630.1550865173,"6":15885.2565288544,"7":237.7395629883,"8":362.3232841492,"9":4242.1774864197,"10":139550.9719848633,"11":520.801782608,"12":3334.780216217},"t_decompress_ms":{"0":3280.024766922,"1":252.0461082458,"2":2042.4625873566,"3":5990.9930229187,"4":4185.9574317932,"5":330.9032917023,"6":301.5189170837,"7":191.6117668152,"8":216.6962623596,"9":171.4479923248,"10":246.1521625519,"11":248.3148574829,"12":192.1398639679},"uncompressed_bytes":{"0":178218096,"1":178218096,"2":178218096,"3":178218096,"4":178218096,"5":178218096,"6":178218096,"7":178218096,"8":178218096,"9":178218096,"10":178218096,"11":178218096,"12":178218096}}