{"compressed_bytes":{"0":37973965,"1":58026435,"2":79642762,"3":58026435,"4":43225717,"5":38683795,"6":45876050,"7":59258431,"8":85253445,"9":46918154,"10":53111526,"11":81499238,"12":63225865},"iter":{"0":19,"1":19,"2":19,"3":19,"4":19,"5":19,"6":19,"7":19,"8":19,"9":19,"10":19,"11":19,"12":19},"label":{"0":"lzma","1":"blosc","2":"blosc_noshuffle","3":"blosc_shuffle","4":"blosc_bitshuffle","5":"blosc_zlib","6":"blosc_zlib_noshuffle","7":"blosc_lz4","8":"blosc_lz4_noshuffle","9":"blosc_lz4hc","10":"lz4_max","11":"lz4_min","12":"lz4_minhc"},"t_compress_ms":{"0":78469.4011211395,"1":300.7371425629,"2":382.3854923248,"3":331.6464424133,"4":237.006187439,"5":30921.8657016754,"6":15118.7219619751,"7":251.2648105621,"8":342.1185016632,"9":4055.8772087097,"10":139600.6166934967,"11":451.6654014587,"12":3093.6853885651},"t_decompress_ms":{"0":2977.4518013,"1":272.3486423492,"2":267.9958343506,"3":254.4214725494,"4":186.0928535461,"5":302.2704124451,"6":311.760187149,"7":193.9880847931,"8":209.4593048096,"9":160.2976322174,"10":190.901517868,"11":193.7634944916,"12":222.963809967},"uncompressed_bytes":{"0":178218096,"1":178218096,"2":178218096,"3":178218096,"4":178218096,"5":178218096,"6":178218096,"7":178218096,"8":178218096,"9":178218096,"10":178218096,"11":178218096,"12":178218096}}