{"compressed_bytes":{"0":37973965,"1":58026435,"2":79642762,"3":58026435,"4":43225717,"5":38683795,"6":45876050,"7":59258431,"8":85253445,"9":46918154,"10":53111526,"11":81499238,"12":63225865},"iter":{"0":6,"1":6,"2":6,"3":6,"4":6,"5":6,"6":6,"7":6,"8":6,"9":6,"10":6,"11":6,"12":6},"label":{"0":"lzma","1":"blosc","2":"blosc_noshuffle","3":"blosc_shuffle","4":"blosc_bitshuffle","5":"blosc_zlib","6":"blosc_zlib_noshuffle","7":"blosc_lz4","8":"blosc_lz4_noshuffle","9":"blosc_lz4hc","10":"lz4_max","11":"lz4_min","12":"lz4_minhc"},"t_compress_ms":{"0":76119.987487793,"1":335.2959156036,"2":465.7509326935,"3":354.7265529633,"4":292.986869812,"5":32854.3322086334,"6":15963.3691310883,"7":232.0899963379,"8":346.9140529633,"9":4236.6197109222,"10":141387.4135017395,"11":485.6491088867,"12":3283.6012840271},"t_decompress_ms":{"0":3078.070640564,"1":237.8723621368,"2":304.4414520264,"3":245.777130127,"4":212.4245166779,"5":358.7067127228,"6":313.1320476532,"7":194.408416748,"8":199.2740631104,"9":162.6698970795,"10":177.6185035706,"11":200.2143859863,"12":252.0081996918},"uncompressed_bytes":{"0":178218096,"1":178218096,"2":178218096,"3":178218096,"4":178218096,"5":178218096,"6":178218096,"7":178218096,"8":178218096,"9":178218096,"10":178218096,"11":178218096,"12":178218096}}