{"compressed_bytes":{"0":37973965,"1":58026435,"2":79642762,"3":58026435,"4":43225717,"5":38683795,"6":45876050,"7":59258431,"8":85253445,"9":46918154,"10":53111526,"11":81499238,"12":63225865},"iter":{"0":1,"1":1,"2":1,"3":1,"4":1,"5":1,"6":1,"7":1,"8":1,"9":1,"10":1,"11":1,"12":1},"label":{"0":"lzma","1":"blosc","2":"blosc_noshuffle","3":"blosc_shuffle","4":"blosc_bitshuffle","5":"blosc_zlib","6":"blosc_zlib_noshuffle","7":"blosc_lz4","8":"blosc_lz4_noshuffle","9":"blosc_lz4hc","10":"lz4_max","11":"lz4_min","12":"lz4_minhc"},"t_compress_ms":{"0":76822.0353126526,"1":341.4118289948,"2":448.0862617493,"3":348.5910892487,"4":262.9263401031,"5":32925.1842498779,"6":16071.6812610626,"7":212.1694087982,"8":310.4596138,"9":4200.4790306091,"10":138640.6273841858,"11":486.2768650055,"12":3225.5191802979},"t_decompress_ms":{"0":3147.1526622772,"1":248.904466629,"2":268.4981822968,"3":253.6332607269,"4":189.6529197693,"5":327.3978233337,"6":278.6490917206,"7":187.5858306885,"8":174.0155220032,"9":172.9044914246,"10":240.9317493439,"11":207.2553634644,"12":171.6389656067},"uncompressed_bytes":{"0":178218096,"1":178218096,"2":178218096,"3":178218096,"4":178218096,"5":178218096,"6":178218096,"7":178218096,"8":178218096,"9":178218096,"10":178218096,"11":178218096,"12":178218096}}