{"compressed_bytes":{"0":37973965,"1":58026435,"2":79642762,"3":58026435,"4":43225717,"5":38683795,"6":45876050,"7":59258431,"8":85253445,"9":46918154,"10":53111526,"11":81499238,"12":63225865},"iter":{"0":13,"1":13,"2":13,"3":13,"4":13,"5":13,"6":13,"7":13,"8":13,"9":13,"10":13,"11":13,"12":13},"label":{"0":"lzma","1":"blosc","2":"blosc_noshuffle","3":"blosc_shuffle","4":"blosc_bitshuffle","5":"blosc_zlib","6":"blosc_zlib_noshuffle","7":"blosc_lz4","8":"blosc_lz4_noshuffle","9":"blosc_lz4hc","10":"lz4_max","11":"lz4_min","12":"lz4_minhc"},"t_compress_ms":{"0":86485.4347705841,"1":343.6887264252,"2":436.7117881775,"3":342.0984745026,"4":277.9629230499,"5":33042.005777359,"6":16417.1257019043,"7":215.5361175537,"8":299.6678352356,"9":4302.6888370514,"10":149395.0672149658,"11":493.8731193542,"12":3256.7105293274},"t_decompress_ms":{"0":3114.8390769958,"1":251.6543865204,"2":274.5294570923,"3":263.4239196777,"4":213.2434844971,"5":319.4646835327,"6":311.9938373566,"7":166.3134098053,"8":239.9277687073,"9":155.6234359741,"10":231.8735122681,"11":261.8570327759,"12":205.1365375519},"uncompressed_bytes":{"0":178218096,"1":178218096,"2":178218096,"3":178218096,"4":178218096,"5":178218096,"6":178218096,"7":178218096,"8":178218096,"9":178218096,"10":178218096,"11":178218096,"12":178218096}}