{"compressed_bytes":{"0":37973965,"1":58026435,"2":79642762,"3":58026435,"4":43225717,"5":38683795,"6":45876050,"7":59258431,"8":85253445,"9":46918154,"10":53111526,"11":81499238,"12":63225865},"iter":{"0":18,"1":18,"2":18,"3":18,"4":18,"5":18,"6":18,"7":18,"8":18,"9":18,"10":18,"11":18,"12":18},"label":{"0":"lzma","1":"blosc","2":"blosc_noshuffle","3":"blosc_shuffle","4":"blosc_bitshuffle","5":"blosc_zlib","6":"blosc_zlib_noshuffle","7":"blosc_lz4","8":"blosc_lz4_noshuffle","9":"blosc_lz4hc","10":"lz4_max","11":"lz4_min","12":"lz4_minhc"},"t_compress_ms":{"0":89632.0872306824,"1":311.5620613098,"2":388.0498409271,"3":342.4804210663,"4":261.9578838348,"5":33203.387260437,"6":16546.3123321533,"7":238.7561798096,"8":283.2074165344,"9":4350.0063419342,"10":143094.6178436279,"11":532.9785346985,"12":3152.6713371277},"t_decompress_ms":{"0":3218.3985710144,"1":243.8955307007,"2":265.7551765442,"3":271.853685379,"4":203.9356231689,"5":375.17786026,"6":309.9708557129,"7":184.3841075897,"8":195.6160068512,"9":165.518283844,"10":200.1128196716,"11":275.6500244141,"12":291.7339801788},"uncompressed_bytes":{"0":178218096,"1":178218096,"2":178218096,"3":178218096,"4":178218096,"5":178218096,"6":178218096,"7":178218096,"8":178218096,"9":178218096,"10":178218096,"11":178218096,"12":178218096}}