{"compressed_bytes":{"0":37973965,"1":58026435,"2":79642762,"3":58026435,"4":43225717,"5":38683795,"6":45876050,"7":59258431,"8":85253445,"9":46918154,"10":53111526,"11":81499238,"12":63225865},"iter":{"0":14,"1":14,"2":14,"3":14,"4":14,"5":14,"6":14,"7":14,"8":14,"9":14,"10":14,"11":14,"12":14},"label":{"0":"lzma","1":"blosc","2":"blosc_noshuffle","3":"blosc_shuffle","4":"blosc_bitshuffle","5":"blosc_zlib","6":"blosc_zlib_noshuffle","7":"blosc_lz4","8":"blosc_lz4_noshuffle","9":"blosc_lz4hc","10":"lz4_max","11":"lz4_min","12":"lz4_minhc"},"t_compress_ms":{"0":87428.9574623108,"1":336.7695808411,"2":455.0313949585,"3":351.2325286865,"4":254.0988922119,"5":33181.0176372528,"6":16346.4343547821,"7":300.7369041443,"8":323.5278129578,"9":4342.2796726227,"10":147132.9350471497,"11":474.5194911957,"12":3213.2067680359},"t_decompress_ms":{"0":3132.630109787,"1":259.2961788177,"2":264.9521827698,"3":239.107131958,"4":180.2425384521,"5":336.5149497986,"6":286.4770889282,"7":192.3935413361,"8":195.3542232513,"9":162.2447967529,"10":171.1871623993,"11":186.2320899963,"12":266.6563987732},"uncompressed_bytes":{"0":178218096,"1":178218096,"2":178218096,"3":178218096,"4":178218096,"5":178218096,"6":178218096,"7":178218096,"8":178218096,"9":178218096,"10":178218096,"11":178218096,"12":178218096}}