{"compressed_bytes":{"0":37973965,"1":58026435,"2":79642762,"3":58026435,"4":43225717,"5":38683795,"6":45876050,"7":59258431,"8":85253445,"9":46918154,"10":53111526,"11":81499238,"12":63225865},"iter":{"0":11,"1":11,"2":11,"3":11,"4":11,"5":11,"6":11,"7":11,"8":11,"9":11,"10":11,"11":11,"12":11},"label":{"0":"lzma","1":"blosc","2":"blosc_noshuffle","3":"blosc_shuffle","4":"blosc_bitshuffle","5":"blosc_zlib","6":"blosc_zlib_noshuffle","7":"blosc_lz4","8":"blosc_lz4_noshuffle","9":"blosc_lz4hc","10":"lz4_max","11":"lz4_min","12":"lz4_minhc"},"t_compress_ms":{"0":78825.3493309021,"1":333.1937789917,"2":400.3245830536,"3":361.2666130066,"4":252.6414394379,"5":34615.629196167,"6":16973.9661216736,"7":231.8148612976,"8":272.1056938171,"9":4431.923866272,"10":153383.5654258728,"11":499.5923042297,"12":3257.524728775},"t_decompress_ms":{"0":3262.7120018005,"1":229.8491001129,"2":286.5087985992,"3":252.1295547485,"4":174.9839782715,"5":300.8358478546,"6":338.8340473175,"7":976.5679836273,"8":337.5506401062,"9":164.6597385406,"10":196.2239742279,"11":216.6290283203,"12":205.9483528137},"uncompressed_bytes":{"0":178218096,"1":178218096,"2":178218096,"3":178218096,"4":178218096,"5":178218096,"6":178218096,"7":178218096,"8":178218096,"9":178218096,"10":178218096,"11":178218096,"12":178218096}}