{"compressed_bytes":{"0":37973965,"1":58026435,"2":79642762,"3":58026435,"4":43225717,"5":38683795,"6":45876050,"7":59258431,"8":85253445,"9":46918154,"10":53111526,"11":81499238,"12":63225865},"iter":{"0":2,"1":2,"2":2,"3":2,"4":2,"5":2,"6":2,"7":2,"8":2,"9":2,"10":2,"11":2,"12":2},"label":{"0":"lzma","1":"blosc","2":"blosc_noshuffle","3":"blosc_shuffle","4":"blosc_bitshuffle","5":"blosc_zlib","6":"blosc_zlib_noshuffle","7":"blosc_lz4","8":"blosc_lz4_noshuffle","9":"blosc_lz4hc","10":"lz4_max","11":"lz4_min","12":"lz4_minhc"},"t_compress_ms":{"0":75294.7278022766,"1":335.6668949127,"2":408.9772701263,"3":344.0520763397,"4":281.8303108215,"5":32758.4643363953,"6":16232.4516773224,"7":203.5167217255,"8":284.1439247131,"9":4285.3400707245,"10":141916.0344600677,"11":508.6815357208,"12":3118.748664856},"t_decompress_ms":{"0":2951.2963294983,"1":255.9990882874,"2":272.9170322418,"3":250.2689361572,"4":197.2289085388,"5":323.2281208038,"6":280.3950309753,"7":172.0826625824,"8":193.3646202087,"9":148.6165523529,"10":188.2631778717,"11":248.6836910248,"12":237.4911308289},"uncompressed_bytes":{"0":178218096,"1":178218096,"2":178218096,"3":178218096,"4":178218096,"5":178218096,"6":178218096,"7":178218096,"8":178218096,"9":178218096,"10":178218096,"11":178218096,"12":178218096}}