{"compressed_bytes":{"0":37973965,"1":58026435,"2":79642762,"3":58026435,"4":43225717,"5":38683795,"6":45876050,"7":59258431,"8":85253445,"9":46918154,"10":53111526,"11":81499238,"12":63225865},"iter":{"0":4,"1":4,"2":4,"3":4,"4":4,"5":4,"6":4,"7":4,"8":4,"9":4,"10":4,"11":4,"12":4},"label":{"0":"lzma","1":"blosc","2":"blosc_noshuffle","3":"blosc_shuffle","4":"blosc_bitshuffle","5":"blosc_zlib","6":"blosc_zlib_noshuffle","7":"blosc_lz4","8":"blosc_lz4_noshuffle","9":"blosc_lz4hc","10":"lz4_max","11":"lz4_min","12":"lz4_minhc"},"t_compress_ms":{"0":74525.0082015991,"1":520.4477310181,"2":416.3889884949,"3":322.3440647125,"4":361.127614975,"5":32682.1045875549,"6":16161.9448661804,"7":233.1514358521,"8":356.210231781,"9":4290.2162075043,"10":138884.4046592712,"11":474.6623039246,"12":3299.2312908173},"t_decompress_ms":{"0":11280.2209854126,"1":5930.474281311,"2":675.2059459686,"3":233.0355644226,"4":201.785326004,"5":322.723865509,"6":297.63007164,"7":190.4585361481,"8":211.4844322205,"9":194.6983337402,"10":174.9422550201,"11":204.701423645,"12":184.8876476288},"uncompressed_bytes":{"0":178218096,"1":178218096,"2":178218096,"3":178218096,"4":178218096,"5":178218096,"6":178218096,"7":178218096,"8":178218096,"9":178218096,"10":178218096,"11":178218096,"12":178218096}}