{"compressed_bytes":{"0":37973965,"1":58026435,"2":79642762,"3":58026435,"4":43225717,"5":38683795,"6":45876050,"7":59258431,"8":85253445,"9":46918154,"10":53111526,"11":81499238,"12":63225865},"iter":{"0":8,"1":8,"2":8,"3":8,"4":8,"5":8,"6":8,"7":8,"8":8,"9":8,"10":8,"11":8,"12":8},"label":{"0":"lzma","1":"blosc","2":"blosc_noshuffle","3":"blosc_shuffle","4":"blosc_bitshuffle","5":"blosc_zlib","6":"blosc_zlib_noshuffle","7":"blosc_lz4","8":"blosc_lz4_noshuffle","9":"blosc_lz4hc","10":"lz4_max","11":"lz4_min","12":"lz4_minhc"},"t_compress_ms":{"0":78714.6039009094,"1":339.4527435303,"2":454.0946483612,"3":345.4585075378,"4":260.4215145111,"5":33837.4116420746,"6":16909.5208644867,"7":310.5962276459,"8":319.1645145416,"9":4383.9156627655,"10":149823.7037658691,"11":460.0002765656,"12":3276.7412662506},"t_decompress_ms":{"0":3221.5783596039,"1":268.7802314758,"2":393.3444023132,"3":281.9256782532,"4":201.5306949615,"5":357.8481674194,"6":330.7785987854,"7":171.6012954712,"8":181.8120479584,"9":163.1560325623,"10":163.2025241852,"11":212.3763561249,"12":181.972026825},"uncompressed_bytes":{"0":178218096,"1":178218096,"2":178218096,"3":178218096,"4":178218096,"5":178218096,"6":178218096,"7":178218096,"8":178218096,"9":178218096,"10":178218096,"11":178218096,"12":178218096}}