{"compressed_bytes":{"0":37973965,"1":58026435,"2":79642762,"3":58026435,"4":43225717,"5":38683795,"6":45876050,"7":59258431,"8":85253445,"9":46918154,"10":53111526,"11":81499238,"12":63225865},"iter":{"0":9,"1":9,"2":9,"3":9,"4":9,"5":9,"6":9,"7":9,"8":9,"9":9,"10":9,"11":9,"12":9},"label":{"0":"lzma","1":"blosc","2":"blosc_noshuffle","3":"blosc_shuffle","4":"blosc_bitshuffle","5":"blosc_zlib","6":"blosc_zlib_noshuffle","7":"blosc_lz4","8":"blosc_lz4_noshuffle","9":"blosc_lz4hc","10":"lz4_max","11":"lz4_min","12":"lz4_minhc"},"t_compress_ms":{"0":86850.7251739502,"1":327.4624347687,"2":389.0423774719,"3":319.4305896759,"4":255.9995651245,"5":34701.2028694153,"6":16752.3903846741,"7":229.8266887665,"8":300.1472949982,"9":4482.1684360504,"10":149140.2096748352,"11":517.7924633026,"12":3518.678188324},"t_decompress_ms":{"0":3184.9689483643,"1":219.0363407135,"2":269.2012786865,"3":744.903087616,"4":3835.5901241302,"5":334.2080116272,"6":339.8244380951,"7":179.5868873596,"8":187.0214939117,"9":183.0673217773,"10":180.6743144989,"11":224.6177196503,"12":202.9798030853},"uncompressed_bytes":{"0":178218096,"1":178218096,"2":178218096,"3":178218096,"4":178218096,"5":178218096,"6":178218096,"7":178218096,"8":178218096,"9":178218096,"10":178218096,"11":178218096,"12":178218096}}