{"compressed_bytes":{"0":37973965,"1":58026435,"2":79642762,"3":58026435,"4":43225717,"5":38683795,"6":45876050,"7":59258431,"8":85253445,"9":46918154,"10":53111526,"11":81499238,"12":63225865},"iter":{"0":10,"1":10,"2":10,"3":10,"4":10,"5":10,"6":10,"7":10,"8":10,"9":10,"10":10,"11":10,"12":10},"label":{"0":"lzma","1":"blosc","2":"blosc_noshuffle","3":"blosc_shuffle","4":"blosc_bitshuffle","5":"blosc_zlib","6":"blosc_zlib_noshuffle","7":"blosc_lz4","8":"blosc_lz4_noshuffle","9":"blosc_lz4hc","10":"lz4_max","11":"lz4_min","12":"lz4_minhc"},"t_compress_ms":{"0":94631.5276622772,"1":403.3899307251,"2":493.2081699371,"3":366.1644458771,"4":249.2814064026,"5":33629.0168762207,"6":16534.4588756561,"7":996.6917037964,"8":1376.2104511261,"9":4496.2930679321,"10":151225.4955768585,"11":2675.6908893585,"12":4994.7044849396},"t_decompress_ms":{"0":3343.2734012604,"1":251.0967254639,"2":273.0846405029,"3":266.1869525909,"4":176.1338710785,"5":325.1354694366,"6":1189.7323131561,"7":426.1693954468,"8":231.6908836365,"9":163.7825965881,"10":195.6295967102,"11":212.8486633301,"12":221.1773395538},"uncompressed_bytes":{"0":178218096,"1":178218096,"2":178218096,"3":178218096,"4":178218096,"5":178218096,"6":178218096,"7":178218096,"8":178218096,"9":178218096,"10":178218096,"11":178218096,"12":178218096}}