{"compressed_bytes":{"0":37973965,"1":58026435,"2":79642762,"3":58026435,"4":43225717,"5":38683795,"6":45876050,"7":59258431,"8":85253445,"9":46918154,"10":53111526,"11":81499238,"12":63225865},"iter":{"0":0,"1":0,"2":0,"3":0,"4":0,"5":0,"6":0,"7":0,"8":0,"9":0,"10":0,"11":0,"12":0},"label":{"0":"lzma","1":"blosc","2":"blosc_noshuffle","3":"blosc_shuffle","4":"blosc_bitshuffle","5":"blosc_zlib","6":"blosc_zlib_noshuffle","7":"blosc_lz4","8":"blosc_lz4_noshuffle","9":"blosc_lz4hc","10":"lz4_max","11":"lz4_min","12":"lz4_minhc"},"t_compress_ms":{"0":78554.4745922089,"1":337.6502990723,"2":474.4935035706,"3":341.4137363434,"4":269.4010734558,"5":32367.696762085,"6":16405.1356315613,"7":251.5859603882,"8":316.7140483856,"9":4316.7636394501,"10":136208.0290317535,"11":508.30078125,"12":3286.3569259644},"t_decompress_ms":{"0":3004.9870014191,"1":289.2928123474,"2":292.6757335663,"3":279.6559333801,"4":186.6748332977,"5":335.3412151337,"6":290.9624576569,"7":178.6208152771,"8":187.8981590271,"9":163.0795001984,"10":194.5338249207,"11":283.4529876709,"12":194.3426132202},"uncompressed_bytes":{"0":178218096,"1":178218096,"2":178218096,"3":178218096,"4":178218096,"5":178218096,"6":178218096,"7":178218096,"8":178218096,"9":178218096,"10":178218096,"11":178218096,"12":178218096}}