{"compressed_bytes":{"0":37973965,"1":58026435,"2":79642762,"3":58026435,"4":43225717,"5":38683795,"6":45876050,"7":59258431,"8":85253445,"9":46918154,"10":53111526,"11":81499238,"12":63225865},"iter":{"0":16,"1":16,"2":16,"3":16,"4":16,"5":16,"6":16,"7":16,"8":16,"9":16,"10":16,"11":16,"12":16},"label":{"0":"lzma","1":"blosc","2":"blosc_noshuffle","3":"blosc_shuffle","4":"blosc_bitshuffle","5":"blosc_zlib","6":"blosc_zlib_noshuffle","7":"blosc_lz4","8":"blosc_lz4_noshuffle","9":"blosc_lz4hc","10":"lz4_max","11":"lz4_min","12":"lz4_minhc"},"t_compress_ms":{"0":86488.9652729034,"1":356.1279773712,"2":397.4356651306,"3":340.3551578522,"4":262.2611522675,"5":33055.31001091,"6":16332.4899673462,"7":253.9412975311,"8":370.3184127808,"9":4312.3090267181,"10":147049.0353107452,"11":472.43309021,"12":3271.3119983673},"t_decompress_ms":{"0":3198.9240646362,"1":243.1428432465,"2":284.2705249786,"3":254.7175884247,"4":191.8895244598,"5":328.9413452148,"6":282.6457023621,"7":177.24609375,"8":217.1840667725,"9":161.2329483032,"10":177.5228977203,"11":215.3017520905,"12":192.2619342804},"uncompressed_bytes":{"0":178218096,"1":178218096,"2":178218096,"3":178218096,"4":178218096,"5":178218096,"6":178218096,"7":178218096,"8":178218096,"9":178218096,"10":178218096,"11":178218096,"12":178218096}}