{"compressed_bytes":{"0":37973965,"1":58026435,"2":79642762,"3":58026435,"4":43225717,"5":38683795,"6":45876050,"7":59258431,"8":85253445,"9":46918154,"10":53111526,"11":81499238,"12":63225865},"iter":{"0":7,"1":7,"2":7,"3":7,"4":7,"5":7,"6":7,"7":7,"8":7,"9":7,"10":7,"11":7,"12":7},"label":{"0":"lzma","1":"blosc","2":"blosc_noshuffle","3":"blosc_shuffle","4":"blosc_bitshuffle","5":"blosc_zlib","6":"blosc_zlib_noshuffle","7":"blosc_lz4","8":"blosc_lz4_noshuffle","9":"blosc_lz4hc","10":"lz4_max","11":"lz4_min","12":"lz4_minhc"},"t_compress_ms":{"0":76190.5992031097,"1":279.0994644165,"2":423.1958389282,"3":345.2022075653,"4":259.8671913147,"5":34084.6211910248,"6":16369.3101406097,"7":218.080997467,"8":331.0697078705,"9":4368.0634498596,"10":146690.3421878815,"11":481.782913208,"12":3274.0771770477},"t_decompress_ms":{"0":4792.5097942352,"1":260.4479789734,"2":304.8365116119,"3":230.6191921234,"4":196.7673301697,"5":314.5697116852,"6":645.9920406342,"7":182.4915409088,"8":177.9644489288,"9":152.8146266937,"10":180.1092624664,"11":215.2543067932,"12":194.885969162},"uncompressed_bytes":{"0":178218096,"1":178218096,"2":178218096,"3":178218096,"4":178218096,"5":178218096,"6":178218096,"7":178218096,"8":178218096,"9":178218096,"10":178218096,"11":178218096,"12":178218096}}